vm_id,user_id,project_id,image_ref,vcpus,memory_mb,root_gb,ephemeral_gb
6239bcf4,39786247,4ba6ce42,85ecdff4,32.0,60000.0,30.0,160.0
80458243,bd41a7e4,74dfdf00,cb92696e,1.0,2000.0,10.0,20.0
5d9f6237,7190ddfa,906147a9,78c5906a,4.0,7500.0,30.0,60.0
941785dc,1a324c91,f09054da,23658854,2.0,4000.0,10.0,100.0
fb856e0f,c1eb1c1c,f09054da,c015d680,4.0,7500.0,30.0,60.0
2d329ea1,167938a6,6b583f77,3a487497,4.0,7500.0,30.0,60.0
6818d80c,933a1206,70ce18f7,c47411e7,3500.0,30.0,40.0,
46e19c93,933a1206,70ce18f7,c47411e7,3500.0,30.0,40.0,
8e62a0df,933a1206,70ce18f7,a1beddaf,15000.0,30.0,60.0,
5ae95310,933a1206,70ce18f7,c47411e7,3500.0,30.0,40.0,
3256a83b,933a1206,70ce18f7,c47411e7,3500.0,30.0,40.0,
cb410de9,933a1206,70ce18f7,78719760,60000.0,30.0,160.0,
65bba462,933a1206,70ce18f7,a1beddaf,15000.0,30.0,30.0,
a170778b,bd41a7e4,74dfdf00,78719760,60000.0,30.0,30.0,
154203e9,1a324c91,5dc12a18,4e12a9a0,4.0,7500.0,30.0,20.0
fe40bd37,93563d4d,07366210,49f3dbe4,2.0,3500.0,20.0,5.0
b06028a3,a16f591f,f09054da,49f3dbe4,4.0,7500.0,30.0,20.0
fd83f2f5,1970b804,8fffbf63,37012070,2.0,4000.0,10.0,100.0
f758cc76,1970b804,58c10690,2650c16d,2.0,4000.0,10.0,100.0
6556ac93,1970b804,8fffbf63,b5fcc927,16.0,30000.0,30.0,30.0
78254c37,167938a6,8bb913f1,11c2b0cb,4.0,7500.0,30.0,20.0
05d32ce6,59b2c509,70ce18f7,8ad5fe29,7000.0,30.0,40.0,
32d947ff,a16f591f,0c236682,cb8555d2,8.0,14000.0,30.0,100.0
e357b892,f098d7fe,c5e1c75e,e5837001,4.0,7000.0,30.0,40.0
687a510e,1970b804,27d80209,1b9db877,2.0,3500.0,20.0,5.0
2487eb65,1970b804,27d80209,1b9db877,4.0,7500.0,30.0,20.0
f3bee987,1970b804,27d80209,1b9db877,1.0,2000.0,10.0,20.0
3f06cf72,1970b804,27d80209,1b9db877,2.0,4000.0,10.0,100.0
9b0625ff,1a324c91,5dc12a18,471fcf67,4.0,7500.0,30.0,20.0
0045e08e,1a324c91,f09054da,a80a23a6,4.0,7500.0,30.0,20.0
2b5104e2,a16f591f,4ba6ce42,e9021cb9,32.0,60000.0,30.0,30.0
98212a8c,f098d7fe,c5e1c75e,a9db8271,32.0,60000.0,30.0,30.0
b327d1e5,c1eb1c1c,f09054da,a549650b,4.0,7500.0,30.0,20.0
c9afd608,c7fcd779,74dfdf00,4053ea2d,4.0,7500.0,30.0,20.0
ed2f4471,93563d4d,07366210,c47411e7,3500.0,20.0,5.0,
015f6463,1a324c91,5dc12a18,8500c268,4.0,7500.0,30.0,20.0
147abc6a,93563d4d,07366210,781d18f9,2000.0,10.0,20.0,
10cc9124,a16f591f,4ba6ce42,bee10d9d,16.0,30000.0,30.0,30.0
d51b2eb8,1970b804,f3758510,2bcaf5f5,4.0,7500.0,30.0,20.0
a9771654,7190ddfa,906147a9,5ff74bc5,2.0,4000.0,10.0,100.0
1c3d6687,c1eb1c1c,f09054da,a2a278af,8.0,15000.0,30.0,30.0
b1112bbf,7190ddfa,906147a9,4e12a9a0,1.0,2000.0,10.0,20.0
d942e01b,507c94d6,a5abeac5,4e12a9a0,1.0,2000.0,10.0,20.0
6bb1bb72,507c94d6,a5abeac5,a71d74a9,32.0,131072.0,20.0,20.0
5634b76f,a16f591f,4ba6ce42,331a0fde,4.0,7500.0,30.0,20.0
995599ce,39786247,67296c0a,331a0fde,2.0,3500.0,20.0,5.0
e45db864,c1eb1c1c,f09054da,05f67775,16.0,30000.0,30.0,30.0
db27d2be,c1eb1c1c,f09054da,a58b539f,2.0,3500.0,20.0,5.0
44d23cb7,507c94d6,a5abeac5,a58b539f,32.0,131072.0,20.0,20.0
657fc4f7,1970b804,58c10690,e2554d69,4.0,7000.0,30.0,40.0
0c8983fb,a16f591f,5dc12a18,4e027930,4.0,7500.0,30.0,20.0
8a1ea8e0,e53598fb,940274ae,00b226d7,2.0,3500.0,20.0,5.0
ed814a39,e53598fb,940274ae,22f21059,8.0,14000.0,30.0,100.0
786824e6,687850f0,a99b2934,7470b662,4.0,7500.0,30.0,20.0
bfdb58c6,687850f0,a99b2934,7470b662,4.0,7500.0,30.0,20.0
812ef0e4,687850f0,a99b2934,7470b662,4.0,7500.0,30.0,20.0
b2f57d95,687850f0,a99b2934,7470b662,4.0,7500.0,30.0,20.0
711ab970,687850f0,a99b2934,7470b662,4.0,7500.0,30.0,20.0
7b2f1fb1,e53598fb,940274ae,d79dda8a,16.0,30000.0,30.0,30.0
8083079d,687850f0,a99b2934,7470b662,24.0,44000.0,500.0,250.0
a1b13cf2,687850f0,a99b2934,7470b662,48.0,88000.0,1000.0,500.0
57549711,687850f0,a99b2934,7470b662,48.0,88000.0,1000.0,500.0
5482e5e2,687850f0,a99b2934,7470b662,48.0,88000.0,1000.0,500.0
39d6d5f5,687850f0,a99b2934,7470b662,24.0,44000.0,500.0,250.0
396b1530,687850f0,a99b2934,7470b662,24.0,44000.0,500.0,250.0
1bd8b816,687850f0,a99b2934,7470b662,24.0,44000.0,500.0,250.0
d0706814,687850f0,a99b2934,7470b662,24.0,44000.0,500.0,250.0
ff4e510e,3b3fda5c,8bb913f1,6d62461f,4.0,7500.0,30.0,20.0
8cd9f066,3b3fda5c,8bb913f1,6d62461f,4.0,7500.0,30.0,20.0
2629fb78,3b3fda5c,8bb913f1,6d62461f,4.0,7500.0,30.0,20.0
14e045b4,3b3fda5c,8bb913f1,6d62461f,4.0,7500.0,30.0,20.0
654a92dd,e53598fb,940274ae,9b0a1edd,16.0,32768.0,80.0,200.0
281c7cd5,507c94d6,a5abeac5,9b0a1edd,32.0,60000.0,30.0,30.0
d98728c8,507c94d6,a5abeac5,9b0a1edd,32.0,60000.0,30.0,30.0
6f89a069,507c94d6,a5abeac5,9b0a1edd,32.0,60000.0,30.0,30.0
54153004,3b3fda5c,8bb913f1,6d62461f,4.0,7500.0,30.0,20.0
a6884672,3b3fda5c,8bb913f1,6d62461f,4.0,7500.0,30.0,20.0
25e54c17,3b3fda5c,8bb913f1,6d62461f,4.0,7500.0,30.0,20.0
7973f631,f098d7fe,c5e1c75e,331a0fde,8.0,14000.0,30.0,100.0
e040fc7d,f098d7fe,c5e1c75e,1f18b5d4,8.0,14000.0,30.0,100.0
9147bb6a,687850f0,a99b2934,1f18b5d4,6.0,11000.0,100.0,75.0
09853d22,a16f591f,4ba6ce42,b2976527,4.0,7500.0,30.0,20.0
59706280,f098d7fe,c5e1c75e,2e28fa56,8.0,14000.0,30.0,100.0
9bbbe557,167938a6,f09054da,b2976527,4.0,7000.0,30.0,40.0
484d33ff,f335db13,3f1912c2,b2976527,16.0,30000.0,30.0,30.0
62517f8f,90e4d383,eb952803,0e46991e,4.0,7000.0,30.0,40.0
cd99c75c,90e4d383,eb952803,0e46991e,8.0,15000.0,30.0,30.0
ac0f1f33,90e4d383,eb952803,0e46991e,4.0,7500.0,30.0,20.0
03a2ef4a,c9187dc4,14793190,da49360f,4.0,7500.0,30.0,20.0
f14884dc,c9187dc4,14793190,da49360f,8.0,15000.0,30.0,30.0
5cfdd4c6,c9187dc4,14793190,da49360f,32.0,60000.0,30.0,30.0
382a27a4,39786247,f09054da,da49360f,4.0,7500.0,30.0,20.0
bb249130,ea25ef37,5dc12a18,f0f64f7c,16.0,30000.0,30.0,30.0
410cd955,f098d7fe,c5e1c75e,da49360f,2.0,4000.0,10.0,100.0
781515b3,f098d7fe,c5e1c75e,da49360f,16.0,30000.0,30.0,30.0
d33ce5fa,f098d7fe,c5e1c75e,da49360f,16.0,30000.0,30.0,30.0
eae4dca6,f098d7fe,c5e1c75e,da49360f,16.0,30000.0,30.0,30.0
f545ef7a,f098d7fe,c5e1c75e,da49360f,16.0,30000.0,30.0,30.0
9e66af2a,f098d7fe,c5e1c75e,da49360f,16.0,30000.0,30.0,30.0
1df98863,76fd59b4,8a5c0dae,da49360f,4.0,7000.0,30.0,40.0
112df9f8,f098d7fe,c5e1c75e,cfed1701,4.0,7500.0,30.0,20.0
ae4eec46,f098d7fe,c5e1c75e,4aaa7420,32.0,60000.0,30.0,30.0
54088b57,f098d7fe,c5e1c75e,331a0fde,32.0,60000.0,30.0,30.0
e12c9bc2,f098d7fe,c5e1c75e,331a0fde,4.0,7500.0,30.0,20.0
5394c711,66a7e023,0eb602b1,781d18f9,2000.0,10.0,20.0,
b0cf2784,66a7e023,0eb602b1,c47411e7,4000.0,10.0,100.0,
6fcacc4e,66a7e023,0eb602b1,c47411e7,4000.0,10.0,100.0,
75ef22c0,66a7e023,0eb602b1,c47411e7,4000.0,10.0,100.0,
336a66c8,756b77ce,7a532e1f,832e93f5,1.0,2000.0,10.0,20.0
8388332f,756b77ce,7a532e1f,832e93f5,1.0,2000.0,10.0,20.0
2991984d,756b77ce,7a532e1f,832e93f5,2.0,4000.0,10.0,100.0
27bbdb7e,f098d7fe,c5e1c75e,b0f63a91,32.0,60000.0,30.0,30.0
8f60caed,f098d7fe,c5e1c75e,be04514a,2.0,4000.0,10.0,100.0
6c6db1f5,f098d7fe,c5e1c75e,be04514a,2.0,4000.0,10.0,100.0
c95fe87f,f098d7fe,c5e1c75e,be04514a,2.0,4000.0,10.0,100.0
12c93b1e,e53598fb,940274ae,10d8e746,16.0,30000.0,30.0,30.0
ef1e6910,f098d7fe,c5e1c75e,cab8ec79,2.0,4000.0,10.0,100.0
ef9152aa,c1eb1c1c,f09054da,d3d8750c,4.0,7500.0,30.0,20.0
99da6f46,1970b804,c16dc6f3,44a13bb2,2.0,3500.0,20.0,5.0
50abb3fd,39786247,1c29e740,8ad5fe29,7500.0,30.0,20.0,
b1b13803,756b77ce,a9366595,ed9508a2,8.0,15000.0,30.0,30.0
62ed6b58,756b77ce,a9366595,ed9508a2,8.0,15000.0,30.0,30.0
da223985,756b77ce,a9366595,ed9508a2,8.0,15000.0,30.0,30.0
8a213811,167938a6,6b583f77,ce5f731a,4.0,7500.0,30.0,20.0
6ce5df23,9a88f5a0,2d8e3164,ea4611f7,16.0,32768.0,80.0,200.0
1b57e6c7,a62ac2b8,7d4a4a5a,ea4611f7,4.0,7500.0,30.0,20.0
932376bc,a62ac2b8,73f33335,ea4611f7,4.0,7500.0,30.0,20.0
9679fdac,a878bb6a,995e7afb,01d3f92d,4.0,7000.0,30.0,40.0
f6e7b459,1970b804,c16dc6f3,ea4611f7,4.0,7000.0,30.0,40.0
25461c58,97f5bcf7,17964622,01d3f92d,1.0,2000.0,10.0,20.0
1b2877e4,7fdda4e6,7d4a4a5a,10edfcca,4.0,7500.0,30.0,20.0
aa7cd1e3,97f5bcf7,17964622,10edfcca,32.0,60000.0,30.0,30.0
bbdeb899,97f5bcf7,17964622,f7678d1a,32.0,60000.0,30.0,30.0
6ecda33f,97f5bcf7,2a314fea,10edfcca,32.0,60000.0,30.0,30.0
76d00f67,f3a6f4e5,7d4a4a5a,e4d7e497,2.0,3500.0,20.0,5.0
41581758,97f5bcf7,2a314fea,10edfcca,32.0,60000.0,30.0,30.0
c590b2a9,4a88a504,4bd44b4c,a4a79ded,2.0,3500.0,20.0,5.0
a203dd0c,a16f591f,a9366595,b5215b2d,4.0,7500.0,30.0,20.0
cc42f8d6,97f5bcf7,17964622,a4a79ded,16.0,30000.0,250.0,10.0
0bdc1350,f098d7fe,c5e1c75e,edd99027,4.0,7000.0,30.0,40.0
ca4e956e,f098d7fe,c5e1c75e,4aaa7420,4.0,7000.0,30.0,40.0
5263ca80,9023bd52,7d4a4a5a,a4a79ded,1.0,2000.0,10.0,20.0
672e8644,4a88a504,4bd44b4c,a1beddaf,14000.0,30.0,100.0,
6a455ac2,4a88a504,4bd44b4c,a4a79ded,2.0,4000.0,10.0,100.0
6829ff4f,4a88a504,4bd44b4c,a4a79ded,2.0,4000.0,10.0,100.0
e9adec9a,4a88a504,4bd44b4c,a4a79ded,4.0,7000.0,30.0,40.0
354bd2fa,110713be,7d4a4a5a,34cdd9b7,30000.0,30.0,30.0,
c1cff27f,f098d7fe,c5e1c75e,961200be,8.0,23000.0,30.0,0.0
6a0c4f32,f098d7fe,c5e1c75e,961200be,8.0,23000.0,30.0,0.0
04430fb0,f098d7fe,c5e1c75e,961200be,8.0,23000.0,30.0,0.0
4206713e,c0ede4e4,e7f3706a,74779b4a,1.0,2000.0,10.0,0.0
4aeb93ea,c0ede4e4,e7f3706a,74779b4a,1.0,2000.0,10.0,0.0
be1a8732,c0ede4e4,e7f3706a,74779b4a,1.0,2000.0,10.0,0.0
b963d466,c0ede4e4,e7f3706a,74779b4a,1.0,2000.0,10.0,0.0
047c438e,c0ede4e4,e7f3706a,74779b4a,1.0,2000.0,10.0,0.0
a3a9e7cf,c0ede4e4,e7f3706a,74779b4a,2.0,5000.0,10.0,0.0
bd33c8d9,4de194f3,50c87cc4,74779b4a,4.0,11000.0,20.0,0.0
b5cd91d3,93563d4d,11fc31b4,961200be,2.0,5000.0,10.0,0.0
dc982e53,4de194f3,50c87cc4,74779b4a,1.0,2000.0,10.0,0.0
95b66945,a16f591f,4ba6ce42,d5c55d4a,4.0,11000.0,20.0,0.0
90d1f2ae,a16f591f,4ba6ce42,05a2c277,32.0,92000.0,50.0,0.0
14946616,167938a6,6a558d19,f7678d1a,16.0,46000.0,40.0,0.0
af20ec04,c0ede4e4,e7f3706a,74779b4a,1.0,2000.0,10.0,0.0
dd8ec43e,c0ede4e4,e7f3706a,74779b4a,1.0,2000.0,10.0,0.0
7da838a8,f098d7fe,c5e1c75e,9da52565,4.0,11000.0,20.0,0.0
91dc05b7,c0ede4e4,e7f3706a,74779b4a,1.0,2000.0,10.0,0.0
01d2e586,c0ede4e4,e7f3706a,c47411e7,5000.0,10.0,0.0,
f2e82b57,a16f591f,f09054da,0c60e1a5,32.0,92000.0,50.0,0.0
6ef96c44,76fd59b4,8a5c0dae,dda7c49f,4.0,11000.0,20.0,0.0
9b69beb9,93563d4d,11fc31b4,8ad5fe29,11000.0,20.0,0.0,
a8504513,39786247,5dc12a18,ff7564db,16.0,46000.0,40.0,0.0
303c39a8,93563d4d,11fc31b4,c47411e7,5000.0,10.0,0.0,
32a3445e,39786247,7d4a4a5a,ff7564db,4.0,11000.0,20.0,0.0
bba34556,39786247,7d4a4a5a,ff7564db,2.0,5000.0,10.0,0.0
1619bf22,39786247,7d4a4a5a,331a0fde,16.0,46000.0,40.0,0.0
cdbef225,93563d4d,11fc31b4,dda7c49f,2.0,5000.0,10.0,0.0
b83cec7b,93563d4d,11fc31b4,dda7c49f,2.0,5000.0,10.0,0.0
e22a90f6,39786247,7a532e1f,ff7564db,2.0,5000.0,10.0,0.0
e97d8cd3,e4e85d1c,43d3e415,f751f989,64.0,130000.0,300.0,0.0
bb32c6df,a62ac2b8,7d4a4a5a,3a3493c2,4.0,11000.0,20.0,0.0
5cf4b895,1004f468,145e008e,ae2762a6,1.0,2000.0,10.0,0.0
da9f3d11,167938a6,9a01489d,3a54048a,1.0,2000.0,10.0,0.0
21fd893d,ac6b438e,9a01489d,3a54048a,1.0,2000.0,10.0,0.0
64ffb69d,ac6b438e,9a01489d,3a54048a,1.0,2000.0,10.0,0.0
f0fa50e2,ac6b438e,9a01489d,3a54048a,1.0,2000.0,10.0,0.0
e4215969,94d5b733,7fdd1b8b,d3f02c4f,4.0,11000.0,20.0,0.0
b0036066,94d5b733,7fdd1b8b,d3f02c4f,4.0,11000.0,20.0,0.0
8a4874ee,e4e85d1c,43d3e415,f751f989,64.0,130000.0,300.0,0.0
57ca16cc,17de5058,7d4a4a5a,8c7bb393,8.0,23000.0,30.0,0.0
8e2bfc7b,e4e85d1c,43d3e415,4978b5c9,64.0,130000.0,300.0,0.0
09b00ea6,e4e85d1c,43d3e415,4978b5c9,64.0,130000.0,300.0,0.0
cb521e0f,e4e85d1c,43d3e415,4978b5c9,64.0,130000.0,300.0,0.0
e73ea4cf,17de5058,7d4a4a5a,d0d0d492,4.0,11000.0,20.0,0.0
6f34119d,17de5058,7d4a4a5a,d0d0d492,16.0,46000.0,40.0,0.0
49f37e7d,f098d7fe,c5e1c75e,40528991,4.0,11000.0,20.0,0.0
1ef22ae3,687850f0,a99b2934,23141714,4.0,11000.0,20.0,0.0
1874169b,687850f0,a99b2934,ff7564db,4.0,11000.0,20.0,0.0
b2f29695,687850f0,a99b2934,23141714,24.0,44000.0,500.0,0.0
bc1a9d9d,687850f0,a99b2934,23141714,24.0,44000.0,500.0,0.0
6e176596,687850f0,a99b2934,23141714,24.0,44000.0,500.0,0.0
3f1153d5,687850f0,a99b2934,23141714,24.0,44000.0,500.0,0.0
e068054a,687850f0,a99b2934,23141714,48.0,88000.0,1000.0,0.0
6ece5dcb,687850f0,a99b2934,23141714,48.0,88000.0,1000.0,0.0
72ad98b4,687850f0,a99b2934,23141714,24.0,44000.0,500.0,0.0
ca0934a8,f098d7fe,c5e1c75e,40528991,16.0,46000.0,40.0,0.0
3b16a26a,f098d7fe,c5e1c75e,40528991,16.0,46000.0,40.0,0.0
4546a9e3,7f7c4759,50c87cc4,74779b4a,2.0,5000.0,10.0,0.0
81deeca8,fe56c37c,73f33335,eea85cf0,4.0,11000.0,20.0,0.0
a0e4673a,fe56c37c,73f33335,eea85cf0,2.0,5000.0,10.0,0.0
59f970b0,9baaeb49,7d4a4a5a,fbf55784,4.0,11000.0,20.0,0.0
df65cd21,7f7c4759,50c87cc4,74779b4a,8.0,23000.0,30.0,0.0
dac23860,f098d7fe,c5e1c75e,e9c96c1b,16.0,46000.0,40.0,0.0
1f520281,f098d7fe,c5e1c75e,e9c96c1b,16.0,46000.0,40.0,0.0
e8fd37fe,c0ede4e4,e7f3706a,74779b4a,4.0,11000.0,20.0,0.0
408b2e77,f098d7fe,c5e1c75e,e9c96c1b,16.0,46000.0,40.0,0.0
d7335d6a,c0ede4e4,e7f3706a,c47411e7,5000.0,10.0,0.0,
74f7b825,c0ede4e4,e7f3706a,c47411e7,5000.0,10.0,0.0,
8d99a289,c0ede4e4,e7f3706a,c47411e7,5000.0,10.0,0.0,
61be3f70,c0ede4e4,e7f3706a,74779b4a,4.0,11000.0,20.0,0.0
d3d2dc2f,f098d7fe,c5e1c75e,e045e1b5,16.0,46000.0,40.0,0.0
b1fa7a33,4a88a504,4bd44b4c,7d2eb906,4.0,11000.0,20.0,0.0
80eb066f,10175724,7d4a4a5a,e9c96c1b,4.0,11000.0,20.0,0.0
99b019df,687850f0,a99b2934,7d2eb906,4.0,11000.0,20.0,0.0
161a1da3,687850f0,a99b2934,7d2eb906,4.0,11000.0,20.0,0.0
bccf30b5,687850f0,a99b2934,7d2eb906,4.0,11000.0,20.0,0.0
3a2a709e,687850f0,a99b2934,ff7564db,24.0,44000.0,500.0,0.0
9585c773,687850f0,a99b2934,ff7564db,24.0,44000.0,500.0,0.0
ae34f2ed,687850f0,a99b2934,ff7564db,48.0,88000.0,1000.0,0.0
bf28c8c1,687850f0,a99b2934,ff7564db,48.0,88000.0,1000.0,0.0
10089574,17de5058,73f33335,03708c02,64.0,130000.0,200.0,0.0
565010d5,17de5058,7d4a4a5a,03708c02,64.0,130000.0,200.0,0.0
78b0ef03,17de5058,73f33335,03708c02,64.0,130000.0,200.0,0.0
efe7ef34,17de5058,73f33335,03708c02,64.0,130000.0,200.0,0.0
fe6a63da,17de5058,7d4a4a5a,28db2364,64.0,130000.0,200.0,0.0
5183f3b2,a16f591f,7d4a4a5a,7d2eb906,64.0,185000.0,100.0,0.0
3c92802c,a16f591f,7d4a4a5a,7d2eb906,32.0,92000.0,50.0,0.0
1cf0be44,f098d7fe,c5e1c75e,15e89190,4.0,11000.0,20.0,0.0
0dc1139e,f098d7fe,c5e1c75e,15e89190,4.0,11000.0,20.0,0.0
fae1b463,a878bb6a,a179bb74,28db2364,16.0,46000.0,40.0,0.0
5252c664,a878bb6a,a179bb74,28db2364,16.0,46000.0,40.0,0.0
9bf2d258,a878bb6a,a179bb74,28db2364,4.0,11000.0,20.0,0.0
9197059c,a878bb6a,a179bb74,28db2364,4.0,11000.0,20.0,0.0
1450d753,a878bb6a,a179bb74,28db2364,4.0,11000.0,20.0,0.0
653948d5,a878bb6a,a179bb74,28db2364,2.0,5000.0,10.0,0.0
68436b1f,f098d7fe,c5e1c75e,15e89190,4.0,11000.0,20.0,0.0
7c891f18,17de5058,7d4a4a5a,ff7564db,128.0,370000.0,300.0,0.0
e0efc15f,17de5058,7d4a4a5a,ff7564db,1.0,2000.0,10.0,0.0
f3aa7c8f,17de5058,7d4a4a5a,ff7564db,16.0,46000.0,40.0,0.0
b4a8a03e,17de5058,7d4a4a5a,ff7564db,16.0,46000.0,40.0,0.0
0041e677,17de5058,7d4a4a5a,ff7564db,16.0,46000.0,40.0,0.0
5b8f5e83,17de5058,73f33335,03708c02,128.0,370000.0,300.0,0.0
259be9d0,17de5058,73f33335,ff7564db,1.0,2000.0,10.0,0.0
e1c1e54d,17de5058,73f33335,ff7564db,16.0,46000.0,40.0,0.0
a4c8d648,1970b804,0cbb333b,03708c02,2.0,5000.0,10.0,0.0
35ec4c58,0fb4c56f,43d3e415,eafb3cc8,96.0,190000.0,30.0,350.0
fd4434c9,4a88a504,4bd44b4c,d6bff890,4.0,11000.0,20.0,0.0
40d350bf,4a88a504,4bd44b4c,d6bff890,8.0,23000.0,30.0,0.0
58b3251b,4a88a504,4bd44b4c,d6bff890,4.0,11000.0,20.0,0.0
d1be6e0d,fe56c37c,73f33335,eea85cf0,4.0,11000.0,20.0,0.0
9ca11928,fe56c37c,73f33335,eea85cf0,2.0,5000.0,10.0,0.0
dcc9827c,de65e922,a9366595,ed9508a2,16.0,46000.0,40.0,0.0
4ff41670,de65e922,a9366595,ed9508a2,1.0,2000.0,10.0,0.0
cc86e783,17de5058,7d4a4a5a,ff7564db,8.0,23000.0,30.0,0.0
e9798179,0fb4c56f,43d3e415,eafb3cc8,96.0,190000.0,30.0,350.0
f9e2accf,41a5c328,7d4a4a5a,fbf55784,4.0,11000.0,20.0,0.0
617ba030,41a5c328,7d4a4a5a,fbf55784,2.0,5000.0,10.0,0.0
3e322f7f,0fb4c56f,43d3e415,eafb3cc8,48.0,94000.0,30.0,270.0
48102938,41a5c328,7d4a4a5a,fbf55784,1.0,2000.0,10.0,0.0
f8093fae,17de5058,7d4a4a5a,d0d0d492,16.0,46000.0,40.0,0.0
f701b69a,17de5058,7d4a4a5a,d0d0d492,16.0,46000.0,40.0,0.0
465cef03,0fb4c56f,43d3e415,eafb3cc8,48.0,94000.0,30.0,270.0
5486492a,17de5058,7d4a4a5a,4a4f3b6f,8.0,16000.0,60.0,0.0
15497bd1,0fb4c56f,43d3e415,eafb3cc8,48.0,94000.0,30.0,270.0
88a350ca,0fb4c56f,43d3e415,eafb3cc8,48.0,94000.0,30.0,270.0
928356e5,39786247,7d4a4a5a,ff7564db,32.0,92000.0,50.0,0.0
3b02e532,39786247,7d4a4a5a,ff7564db,32.0,92000.0,50.0,0.0
9679e257,0fb4c56f,43d3e415,eafb3cc8,48.0,94000.0,30.0,270.0
525134f6,7f7c4759,43d3e415,37f08a62,128.0,370000.0,300.0,0.0
c3297a97,7f7c4759,43d3e415,37f08a62,128.0,370000.0,300.0,0.0
b3382983,7f7c4759,43d3e415,37f08a62,128.0,370000.0,300.0,0.0
845db8a0,0fb4c56f,43d3e415,eafb3cc8,96.0,190000.0,30.0,350.0
3e3fac58,0fb4c56f,43d3e415,eafb3cc8,96.0,190000.0,30.0,350.0
6f951cdb,0fb4c56f,43d3e415,eafb3cc8,96.0,190000.0,30.0,350.0
e80b91dd,0fb4c56f,43d3e415,eafb3cc8,48.0,94000.0,30.0,270.0
4f0a017d,0fb4c56f,43d3e415,eafb3cc8,48.0,94000.0,30.0,270.0
1f72fc12,7f7c4759,50c87cc4,74779b4a,4.0,11000.0,20.0,0.0
7a3921bc,94d5b733,7fdd1b8b,d3f02c4f,4.0,11000.0,20.0,0.0
76d40d29,94d5b733,7fdd1b8b,d3f02c4f,4.0,11000.0,20.0,0.0
5d14c1f6,7f7c4759,43d3e415,37f08a62,128.0,370000.0,300.0,0.0
c6b13b89,7f7c4759,43d3e415,37f08a62,128.0,370000.0,300.0,0.0
06e83870,7f7c4759,43d3e415,37f08a62,128.0,370000.0,300.0,0.0
4fdf7495,756b77ce,0cbb333b,ed9508a2,8.0,23000.0,30.0,0.0
404b13ee,756b77ce,0cbb333b,ed9508a2,8.0,23000.0,30.0,0.0
f1fead02,756b77ce,0cbb333b,ed9508a2,1.0,2000.0,10.0,0.0
2ae71d02,7f7c4759,43d3e415,37f08a62,128.0,370000.0,300.0,0.0
79ecf890,7043311c,0e0251eb,e88a22d5,1.0,2000.0,10.0,0.0
8c66686c,7043311c,0e0251eb,e88a22d5,1.0,2000.0,10.0,0.0
a0892bb4,7f7c4759,43d3e415,37f08a62,128.0,370000.0,300.0,0.0
821a2205,7f7c4759,43d3e415,37f08a62,128.0,370000.0,300.0,0.0
15238002,7043311c,0e0251eb,e88a22d5,1.0,2000.0,10.0,0.0
c3cc7b6e,7043311c,0e0251eb,e88a22d5,1.0,2000.0,10.0,0.0
f7e7aa51,17de5058,7d4a4a5a,d0d0d492,64.0,185000.0,100.0,0.0
93478ef1,17de5058,7d4a4a5a,d0d0d492,2.0,5000.0,10.0,0.0
ec60ea98,167938a6,f09054da,263f5aff,4.0,11000.0,20.0,0.0
74d1fbb1,4af667b3,3f1912c2,263f5aff,16.0,46000.0,40.0,0.0
7f9c6bb0,7f7c4759,43d3e415,37f08a62,128.0,370000.0,300.0,0.0
8e42bb58,7f7c4759,43d3e415,37f08a62,128.0,370000.0,300.0,0.0
857a76fa,7f7c4759,43d3e415,37f08a62,128.0,370000.0,300.0,0.0
c87987bf,9ed7c4cb,7d4a4a5a,6db73180,8.0,16000.0,60.0,0.0
251091ea,17de5058,7d4a4a5a,263f5aff,64.0,130000.0,200.0,0.0
439c1657,17de5058,7d4a4a5a,ff7564db,64.0,130000.0,200.0,0.0
ce93921b,17de5058,7d4a4a5a,ff7564db,64.0,130000.0,200.0,0.0
cd250600,17de5058,7d4a4a5a,ff7564db,64.0,130000.0,200.0,0.0
8d8afd4d,f098d7fe,c5e1c75e,a0d268dd,16.0,46000.0,40.0,0.0
8d097b4a,39786247,7d4a4a5a,263f5aff,64.0,130000.0,200.0,0.0
087c7468,167938a6,6a558d19,7149e974,32.0,92000.0,50.0,0.0
404b3ea1,17de5058,7d4a4a5a,ff7564db,2.0,5000.0,10.0,0.0
f561d6de,41a5c328,7d4a4a5a,bb17f208,1.0,2000.0,10.0,0.0
6cb8537b,93563d4d,89049b4b,c47411e7,5000.0,10.0,0.0,
2d47d86f,0fb4c56f,43d3e415,eafb3cc8,96.0,190000.0,30.0,350.0
fafca9db,0fb4c56f,43d3e415,eafb3cc8,48.0,94000.0,30.0,270.0
e263476f,4af667b3,3f1912c2,6585fed2,1.0,2000.0,10.0,0.0
b0d63d48,7043311c,0e0251eb,e88a22d5,1.0,2000.0,10.0,0.0
cba5afdf,f098d7fe,c5e1c75e,961200be,8.0,23000.0,30.0,0.0
81520164,39786247,7d4a4a5a,ff7564db,16.0,46000.0,40.0,0.0
139361ff,39786247,7d4a4a5a,ff7564db,64.0,130000.0,200.0,0.0
0431772d,8984204a,0cbb333b,4a4f3b6f,16.0,46000.0,40.0,0.0
fb0b0b96,7043311c,0e0251eb,e88a22d5,1.0,2000.0,10.0,0.0
6876248e,7f7c4759,50c87cc4,74779b4a,2.0,5000.0,10.0,0.0
efaba6f1,7f7c4759,50c87cc4,74779b4a,2.0,5000.0,10.0,0.0
0a0e5914,8984204a,7fdd1b8b,d0d0d492,2.0,5000.0,10.0,0.0
d688d33e,8984204a,7fdd1b8b,d0d0d492,2.0,5000.0,10.0,0.0
ee336dce,8984204a,7fdd1b8b,ff7564db,2.0,5000.0,10.0,0.0
0022f286,f098d7fe,c5e1c75e,961200be,4.0,11000.0,20.0,0.0
748bfc6d,f098d7fe,c5e1c75e,961200be,4.0,11000.0,20.0,0.0
d73e8a4b,9ed7c4cb,7d4a4a5a,8236d8c3,8.0,16000.0,60.0,0.0
fd60f344,f098d7fe,c5e1c75e,961200be,4.0,11000.0,20.0,0.0
e06513c6,7043311c,0e0251eb,e88a22d5,1.0,2000.0,10.0,0.0
ef84013a,4af667b3,3f1912c2,5ed1b1aa,192000.0,30.0,0.0,
38dcd327,7f7c4759,50c87cc4,74779b4a,4.0,11000.0,20.0,0.0
142620c0,1970b804,b3e720df,ebdd1c8c,2.0,5000.0,10.0,0.0
d7c5e120,1970b804,b3e720df,ebdd1c8c,2.0,5000.0,10.0,0.0
a66123af,1970b804,b3e720df,ebdd1c8c,8.0,23000.0,30.0,0.0
4ce84511,7f7c4759,50c87cc4,74779b4a,2.0,5000.0,10.0,0.0
03dad5b3,0fb4c56f,089f5c7f,5267158f,1.0,2000.0,10.0,0.0
2952a1f5,0fb4c56f,089f5c7f,5267158f,1.0,2000.0,10.0,0.0
8950fa37,8984204a,7fdd1b8b,ff7564db,4.0,11000.0,20.0,0.0
489588ce,a16f591f,f09054da,d0d0d492,4.0,11000.0,20.0,0.0
2eefd073,1970b804,b3e720df,ebdd1c8c,4.0,11000.0,20.0,0.0
bf9686cd,39786247,7d4a4a5a,ebdd1c8c,4.0,11000.0,20.0,0.0
d727b659,0fb4c56f,089f5c7f,5267158f,1.0,2000.0,10.0,0.0
f9bd564a,9ed7c4cb,7d4a4a5a,8236d8c3,8.0,16000.0,60.0,0.0
e47ffb5f,0fb4c56f,089f5c7f,4a4f3b6f,1.0,2000.0,10.0,0.0
97e9c26a,167938a6,f09054da,5267158f,1.0,2000.0,10.0,0.0
60a95b6b,1970b804,d986ba1f,e6bb8c9f,16.0,46000.0,40.0,0.0
c7206d16,f098d7fe,c5e1c75e,4a4f3b6f,16.0,46000.0,40.0,0.0
030aa3fc,e0ddb46a,0fc5927e,e6bb8c9f,16.0,46000.0,40.0,0.0
127950a0,167938a6,089f5c7f,e6bb8c9f,1.0,2000.0,10.0,0.0
a24e9939,0fb4c56f,43d3e415,eafb3cc8,48.0,94000.0,30.0,270.0
3963ecc5,0fb4c56f,4d9169b2,5267158f,8.0,23000.0,30.0,0.0
d9f78734,0fb4c56f,4d9169b2,5267158f,2.0,5000.0,10.0,0.0
a291c2d3,0fb4c56f,43d3e415,eafb3cc8,96.0,190000.0,30.0,350.0
1fe5084f,0fb4c56f,43d3e415,eafb3cc8,96.0,190000.0,30.0,350.0
bbb8412f,0fb4c56f,43d3e415,eafb3cc8,96.0,190000.0,30.0,350.0
35e4cb0c,0fb4c56f,43d3e415,eafb3cc8,96.0,190000.0,30.0,350.0
948abc0d,0fb4c56f,43d3e415,eafb3cc8,48.0,94000.0,30.0,270.0
e24a8cfd,0fb4c56f,43d3e415,eafb3cc8,48.0,94000.0,30.0,270.0
7f3283ad,d1180665,089f5c7f,4a4f3b6f,1.0,2000.0,10.0,0.0
58ea216d,7f03a38d,089f5c7f,263f5aff,1.0,2000.0,10.0,0.0
5af14a4e,56f318e5,089f5c7f,4a4f3b6f,1.0,2000.0,10.0,0.0
ee1ed9b5,5934ef68,089f5c7f,4a4f3b6f,1.0,2000.0,10.0,0.0
59dca731,37499268,089f5c7f,e6bb8c9f,1.0,2000.0,10.0,0.0
4fa3cc38,3ec83b74,089f5c7f,528a896f,1.0,2000.0,10.0,0.0
de02e950,a16f591f,7d4a4a5a,7d2eb906,32.0,92000.0,50.0,0.0
e5f9f66c,0fb4c56f,43d3e415,eafb3cc8,96.0,190000.0,30.0,350.0
95c6a8d7,0fb4c56f,43d3e415,eafb3cc8,96.0,190000.0,30.0,350.0
82db7e12,0fb4c56f,43d3e415,eafb3cc8,96.0,190000.0,30.0,350.0
daa743a0,8984204a,7fdd1b8b,ff7564db,16.0,46000.0,40.0,0.0
82c52e9e,a878bb6a,0633d671,1519c0f0,16.0,46000.0,40.0,0.0
0d6cc0f0,a878bb6a,0633d671,1519c0f0,16.0,46000.0,40.0,0.0
62b2b206,a878bb6a,0633d671,1519c0f0,16.0,46000.0,40.0,0.0
2301b62a,7f7c4759,43d3e415,37f08a62,128.0,370000.0,300.0,0.0
5340c675,7f7c4759,43d3e415,37f08a62,128.0,370000.0,300.0,0.0
9609dc6a,7de5e340,bcefe8f2,5dad223f,4.0,11000.0,20.0,0.0
2fdedfcb,7de5e340,bcefe8f2,5dad223f,4.0,11000.0,20.0,0.0
98898f94,7de5e340,bcefe8f2,5dad223f,4.0,11000.0,20.0,0.0
8d111ed6,7de5e340,bcefe8f2,5dad223f,4.0,11000.0,20.0,0.0
353fbd42,7f7c4759,43d3e415,37f08a62,128.0,370000.0,300.0,0.0
b425870f,7f7c4759,43d3e415,37f08a62,128.0,370000.0,300.0,0.0
1437f703,7f7c4759,43d3e415,37f08a62,128.0,370000.0,300.0,0.0
bef00477,7f7c4759,43d3e415,37f08a62,128.0,370000.0,300.0,0.0
3c22b263,7de5e340,bcefe8f2,5dad223f,4.0,11000.0,20.0,0.0
c5077dc3,7f7c4759,43d3e415,37f08a62,128.0,370000.0,300.0,0.0
2230427d,7f7c4759,43d3e415,37f08a62,128.0,370000.0,300.0,0.0
45ceb502,313ff7da,7d4a4a5a,e6bb8c9f,2.0,5000.0,10.0,0.0
3e12c133,313ff7da,7d4a4a5a,e6bb8c9f,4.0,11000.0,20.0,0.0
fef68a03,313ff7da,7d4a4a5a,e6bb8c9f,4.0,11000.0,20.0,0.0
dc42a3bb,313ff7da,7d4a4a5a,e6bb8c9f,4.0,11000.0,20.0,0.0
75014fcc,7f7c4759,50c87cc4,74779b4a,2.0,5000.0,10.0,0.0
634d0054,7de5e340,bcefe8f2,5dad223f,8.0,23000.0,30.0,0.0
0a4204ba,7de5e340,bcefe8f2,5dad223f,8.0,23000.0,30.0,0.0
d4b3d260,7f7c4759,43d3e415,37f08a62,128.0,370000.0,300.0,0.0
f0649092,7de5e340,bcefe8f2,5dad223f,8.0,23000.0,30.0,0.0
acaac591,7f7c4759,43d3e415,37f08a62,128.0,370000.0,300.0,0.0
912e8103,7f7c4759,43d3e415,37f08a62,128.0,370000.0,300.0,0.0
4cffe072,7f7c4759,43d3e415,37f08a62,128.0,370000.0,300.0,0.0
7cd54444,7f7c4759,43d3e415,37f08a62,128.0,370000.0,300.0,0.0
7e28815e,507c94d6,a5abeac5,e6bb8c9f,1.0,2000.0,10.0,0.0
24232404,7f7c4759,43d3e415,37f08a62,128.0,370000.0,300.0,0.0
4d6b1c08,7f7c4759,43d3e415,37f08a62,128.0,370000.0,300.0,0.0
ff68f2b7,7f7c4759,43d3e415,37f08a62,128.0,370000.0,300.0,0.0
ae723169,7f7c4759,43d3e415,37f08a62,128.0,370000.0,300.0,0.0
819eecf4,7f7c4759,43d3e415,37f08a62,128.0,370000.0,300.0,0.0
b0f031e3,7f7c4759,43d3e415,37f08a62,128.0,370000.0,300.0,0.0
3ca65d46,0fb4c56f,089f5c7f,5267158f,4.0,11000.0,20.0,0.0
c6c7d8a4,507c94d6,a5abeac5,e6bb8c9f,1.0,2000.0,10.0,0.0
7668169d,0fb4c56f,089f5c7f,5267158f,4.0,11000.0,20.0,0.0
0d8c9a5d,7f7c4759,43d3e415,37f08a62,128.0,370000.0,300.0,0.0
8a3b01ee,7f7c4759,43d3e415,37f08a62,128.0,370000.0,300.0,0.0
b10b813e,7f7c4759,43d3e415,37f08a62,128.0,370000.0,300.0,0.0
8ffd9cec,7f7c4759,43d3e415,37f08a62,128.0,370000.0,300.0,0.0
99c420da,7f7c4759,43d3e415,37f08a62,128.0,370000.0,300.0,0.0
0a64704a,7f7c4759,43d3e415,37f08a62,128.0,370000.0,300.0,0.0
1f343f93,7f7c4759,43d3e415,37f08a62,128.0,370000.0,300.0,0.0
f7d84049,7f7c4759,43d3e415,37f08a62,128.0,370000.0,300.0,0.0
e9ac9551,7f7c4759,43d3e415,37f08a62,128.0,370000.0,300.0,0.0
df6fe1ae,7f7c4759,43d3e415,37f08a62,128.0,370000.0,300.0,0.0
d6e295ae,7f7c4759,50c87cc4,74779b4a,4.0,11000.0,20.0,0.0
0c20a1d5,7f7c4759,43d3e415,37f08a62,128.0,370000.0,300.0,0.0
0d8d4424,7f7c4759,43d3e415,37f08a62,128.0,370000.0,300.0,0.0
e43b0a1e,7f7c4759,43d3e415,37f08a62,128.0,370000.0,300.0,0.0
b74d40fb,7f7c4759,43d3e415,37f08a62,128.0,370000.0,300.0,0.0
081a6c62,0fb4c56f,43d3e415,5267158f,96.0,190000.0,30.0,350.0
86d4e30d,8984204a,0cbb333b,ff7564db,8.0,23000.0,30.0,0.0
4769513d,8984204a,7fdd1b8b,ff7564db,8.0,23000.0,30.0,0.0
b8a57be8,7f7c4759,43d3e415,37f08a62,128.0,370000.0,300.0,0.0
6ea52461,167938a6,6b583f77,64798999,8.0,23000.0,30.0,0.0
ec324710,7f7c4759,43d3e415,37f08a62,128.0,370000.0,300.0,0.0
dfebe003,7f7c4759,43d3e415,37f08a62,128.0,370000.0,300.0,0.0
ea34e3b8,167938a6,f09054da,4a4f3b6f,4.0,11000.0,20.0,0.0
8bdb3777,167938a6,f09054da,e6bb8c9f,4.0,11000.0,20.0,0.0
e1e15d45,7f7c4759,43d3e415,37f08a62,128.0,370000.0,300.0,0.0
20b4d639,7f7c4759,43d3e415,37f08a62,128.0,370000.0,300.0,0.0
cd423139,7f7c4759,43d3e415,37f08a62,128.0,370000.0,300.0,0.0
97167637,7f7c4759,43d3e415,37f08a62,128.0,370000.0,300.0,0.0
c8977739,7f7c4759,43d3e415,37f08a62,128.0,370000.0,300.0,0.0
c48a44a4,7f7c4759,43d3e415,37f08a62,128.0,370000.0,300.0,0.0
df398a35,7f7c4759,43d3e415,37f08a62,128.0,370000.0,300.0,0.0
3f9975b7,7f7c4759,43d3e415,37f08a62,128.0,370000.0,300.0,0.0
468fce06,7f7c4759,43d3e415,37f08a62,128.0,370000.0,300.0,0.0
57b2400a,1f803fc2,7d4a4a5a,e2e7ee45,1.0,2000.0,10.0,0.0
e3c4aae2,0fb4c56f,43d3e415,5267158f,48.0,94000.0,30.0,270.0
c34abd7c,7f7c4759,43d3e415,37f08a62,128.0,370000.0,300.0,0.0
bf945a93,a16f591f,f09054da,ebdd1c8c,2.0,5000.0,10.0,0.0
08500f03,7f7c4759,43d3e415,37f08a62,128.0,370000.0,300.0,0.0
c4275bb3,7f7c4759,43d3e415,37f08a62,128.0,370000.0,300.0,0.0
0fb2a297,0fb4c56f,43d3e415,5267158f,48.0,94000.0,30.0,270.0
c453d31c,0fb4c56f,43d3e415,5267158f,48.0,94000.0,30.0,270.0
656c7df4,0fb4c56f,43d3e415,5267158f,48.0,94000.0,30.0,270.0
1e2ab024,0fb4c56f,43d3e415,5267158f,48.0,94000.0,30.0,270.0
6283762a,7f7c4759,43d3e415,37f08a62,128.0,370000.0,300.0,0.0
6e055ebf,a878bb6a,995e7afb,4a4f3b6f,8.0,23000.0,30.0,0.0
5cac3077,0fb4c56f,43d3e415,606e02b1,48.0,94000.0,30.0,270.0
eee1c607,0fb4c56f,43d3e415,606e02b1,48.0,94000.0,30.0,270.0
77e1ea17,0fb4c56f,43d3e415,19e1a89e,48.0,94000.0,30.0,270.0
6b9ed740,0fb4c56f,43d3e415,19e1a89e,48.0,94000.0,30.0,270.0
7202be74,0fb4c56f,43d3e415,19e1a89e,48.0,94000.0,30.0,270.0
195d7c68,0fb4c56f,43d3e415,19e1a89e,48.0,94000.0,30.0,270.0
00715a2b,0fb4c56f,43d3e415,19e1a89e,48.0,94000.0,30.0,270.0
104d52ad,0fb4c56f,43d3e415,19e1a89e,48.0,94000.0,30.0,270.0
8700ab74,0fb4c56f,43d3e415,19e1a89e,48.0,94000.0,30.0,270.0
525a763f,0fb4c56f,43d3e415,19e1a89e,48.0,94000.0,30.0,270.0
d050c9b7,0fb4c56f,43d3e415,5267158f,96.0,190000.0,30.0,350.0
0bbc3885,0fb4c56f,43d3e415,5267158f,96.0,190000.0,30.0,350.0
ac8fa555,0fb4c56f,43d3e415,5267158f,96.0,190000.0,30.0,350.0
18f4396d,0fb4c56f,43d3e415,19e1a89e,96.0,190000.0,30.0,350.0
c937a86a,0fb4c56f,43d3e415,19e1a89e,96.0,190000.0,30.0,350.0
7aa46d75,0fb4c56f,43d3e415,19e1a89e,96.0,190000.0,30.0,350.0
ea53b4ab,0fb4c56f,43d3e415,19e1a89e,96.0,190000.0,30.0,350.0
328e8d5b,0fb4c56f,43d3e415,19e1a89e,96.0,190000.0,30.0,350.0
b1c62453,0fb4c56f,43d3e415,19e1a89e,96.0,190000.0,30.0,350.0
2b99a813,0fb4c56f,43d3e415,19e1a89e,96.0,190000.0,30.0,350.0
3fe110b1,0fb4c56f,43d3e415,19e1a89e,96.0,190000.0,30.0,350.0
d5989b22,0fb4c56f,43d3e415,19e1a89e,96.0,190000.0,30.0,350.0
794a26b5,0fb4c56f,43d3e415,19e1a89e,96.0,190000.0,30.0,350.0
8feab296,0fb4c56f,43d3e415,19e1a89e,96.0,190000.0,30.0,350.0
9d66baf0,0fb4c56f,43d3e415,8d324fd3,48.0,94000.0,30.0,270.0
e30a4fd0,0fb4c56f,43d3e415,8d324fd3,48.0,94000.0,30.0,270.0
8dc71ca7,0fb4c56f,43d3e415,8d324fd3,48.0,94000.0,30.0,270.0
f5a4bd76,167938a6,f09054da,e6bb8c9f,8.0,23000.0,30.0,0.0
7b99a568,167938a6,f09054da,e6bb8c9f,8.0,23000.0,30.0,0.0
bc6a5d93,167938a6,f09054da,ebdd1c8c,8.0,23000.0,30.0,0.0
baecba91,0fb4c56f,43d3e415,8d324fd3,48.0,94000.0,30.0,270.0
1fa13d91,0fb4c56f,43d3e415,8d324fd3,48.0,94000.0,30.0,270.0
35163bde,a16f591f,f09054da,ebdd1c8c,2.0,5000.0,10.0,0.0
e2efd8c3,a16f591f,f09054da,e6bb8c9f,2.0,5000.0,10.0,0.0
ec2531a9,a16f591f,f09054da,e5607711,1.0,2000.0,10.0,0.0
014f3434,a16f591f,f09054da,78517212,1.0,2000.0,10.0,0.0
21a081d3,0fb4c56f,43d3e415,8d324fd3,48.0,94000.0,30.0,270.0
8269929d,0fb4c56f,43d3e415,8d324fd3,48.0,94000.0,30.0,270.0
9df97fd5,0fb4c56f,43d3e415,8d324fd3,48.0,94000.0,30.0,270.0
27324815,0fb4c56f,43d3e415,8d324fd3,48.0,94000.0,30.0,270.0
1fe8fcc0,0fb4c56f,43d3e415,8d324fd3,48.0,94000.0,30.0,270.0
0f9b0626,1a324c91,906147a9,78517212,2.0,5000.0,10.0,0.0
c027a623,a16f591f,a9366595,78517212,4.0,11000.0,20.0,0.0
a86605a5,a16f591f,a9366595,78517212,2.0,5000.0,10.0,0.0
9253d139,a16f591f,f09054da,78517212,2.0,5000.0,10.0,0.0
eaeebd44,a16f591f,f09054da,78517212,2.0,5000.0,10.0,0.0
0acad6c3,0fb4c56f,43d3e415,4e93007a,48.0,94000.0,30.0,270.0
5ac64853,0fb4c56f,43d3e415,4e93007a,48.0,94000.0,30.0,270.0
83b1b948,1f803fc2,7d4a4a5a,8236d8c3,2.0,5000.0,10.0,0.0
50eeff65,0fb4c56f,43d3e415,4e93007a,48.0,94000.0,30.0,270.0
5df80d0d,0fb4c56f,43d3e415,4e93007a,48.0,94000.0,30.0,270.0
7d2d6951,0fb4c56f,43d3e415,4e93007a,48.0,94000.0,30.0,270.0
819201f6,1f803fc2,7d4a4a5a,8236d8c3,2.0,5000.0,10.0,0.0
1fc13269,1f803fc2,7d4a4a5a,8236d8c3,2.0,5000.0,10.0,0.0
b26564c4,1f803fc2,7d4a4a5a,8236d8c3,2.0,5000.0,10.0,0.0
dea2045d,0fb4c56f,43d3e415,4e93007a,48.0,94000.0,30.0,270.0
49f5d005,1f803fc2,7d4a4a5a,708b21b5,2.0,5000.0,10.0,0.0
04be37e3,1f803fc2,7d4a4a5a,8236d8c3,2.0,5000.0,10.0,0.0
1ef57b80,0fb4c56f,43d3e415,4e93007a,96.0,190000.0,30.0,350.0
0b2261c9,1f803fc2,7d4a4a5a,8236d8c3,2.0,5000.0,10.0,0.0
21f280a0,0fb4c56f,43d3e415,4e93007a,96.0,190000.0,30.0,350.0
371cbbd3,0fb4c56f,43d3e415,4e93007a,96.0,190000.0,30.0,350.0
d961c268,0fb4c56f,43d3e415,4e93007a,96.0,190000.0,30.0,350.0
efb53d6c,1f803fc2,7d4a4a5a,708b21b5,2.0,5000.0,10.0,0.0
0d2e73ec,1f803fc2,7d4a4a5a,708b21b5,2.0,5000.0,10.0,0.0
7ee232fa,0fb4c56f,43d3e415,4e93007a,96.0,190000.0,30.0,350.0
eacecc23,1f803fc2,7d4a4a5a,708b21b5,2.0,5000.0,10.0,0.0
8a756cee,1f803fc2,7d4a4a5a,708b21b5,2.0,5000.0,10.0,0.0
dac62d5a,1f803fc2,7d4a4a5a,708b21b5,2.0,5000.0,10.0,0.0
219e3906,7f7c4759,43d3e415,37f08a62,128.0,370000.0,300.0,0.0
8b478590,0fb4c56f,43d3e415,8d324fd3,48.0,94000.0,30.0,270.0
6007ec08,0fb4c56f,43d3e415,8d324fd3,48.0,94000.0,30.0,270.0
43767bac,f098d7fe,c5e1c75e,78517212,4.0,11000.0,20.0,0.0
ce4f9d13,0fb4c56f,43d3e415,8d324fd3,48.0,94000.0,30.0,270.0
91bd6bf0,0fb4c56f,43d3e415,8d324fd3,48.0,94000.0,30.0,270.0
ce40493c,0fb4c56f,43d3e415,8d324fd3,48.0,94000.0,30.0,270.0
9e40a0c7,0fb4c56f,43d3e415,8d324fd3,48.0,94000.0,30.0,270.0
72e26bab,0fb4c56f,43d3e415,8d324fd3,96.0,190000.0,30.0,350.0
57cd0efc,0fb4c56f,43d3e415,8d324fd3,96.0,190000.0,30.0,350.0
28a47b8e,0fb4c56f,43d3e415,8d324fd3,96.0,190000.0,30.0,350.0
a37a7d17,0fb4c56f,43d3e415,8d324fd3,96.0,190000.0,30.0,350.0
9e780cb9,0fb4c56f,43d3e415,8d324fd3,96.0,190000.0,30.0,350.0
4934d04c,0fb4c56f,43d3e415,8d324fd3,96.0,190000.0,30.0,350.0
3e4a0878,756b77ce,a9366595,ed9508a2,8.0,15000.0,30.0,30.0
3190c715,756b77ce,a9366595,ed9508a2,8.0,15000.0,30.0,30.0
981f3d69,756b77ce,a9366595,ed9508a2,16.0,46000.0,40.0,0.0
63b39513,756b77ce,a9366595,ed9508a2,8.0,15000.0,30.0,30.0
45b99f62,39786247,7d4a4a5a,ff7564db,64.0,130000.0,200.0,0.0
037caaa6,756b77ce,a9366595,ed9508a2,8.0,15000.0,30.0,30.0
f7e9f7ca,a16f591f,7d4a4a5a,78517212,2.0,5000.0,10.0,0.0
a3cc02af,a16f591f,7d4a4a5a,ff7564db,2.0,5000.0,10.0,0.0
74cc34d2,756b77ce,a9366595,ed9508a2,8.0,15000.0,30.0,30.0
3035fa75,756b77ce,a9366595,ed9508a2,8.0,15000.0,30.0,30.0
f56efd86,756b77ce,a9366595,ed9508a2,8.0,15000.0,30.0,30.0
b9758680,7190ddfa,906147a9,ea4ccc2c,4.0,11000.0,20.0,0.0
e90d6187,7190ddfa,906147a9,ea4ccc2c,4.0,11000.0,20.0,0.0
84006040,7190ddfa,906147a9,ea4ccc2c,4.0,11000.0,20.0,0.0
279b4902,7190ddfa,906147a9,ea4ccc2c,4.0,11000.0,20.0,0.0
7b4142e1,7190ddfa,906147a9,ea4ccc2c,4.0,11000.0,20.0,0.0
d93f8575,7190ddfa,906147a9,ea4ccc2c,4.0,11000.0,20.0,0.0
e8ffb8bf,7190ddfa,906147a9,ea4ccc2c,4.0,11000.0,20.0,0.0
39ed3071,7190ddfa,906147a9,ea4ccc2c,4.0,11000.0,20.0,0.0
1e774772,7190ddfa,906147a9,ea4ccc2c,4.0,11000.0,20.0,0.0
9fe8946f,7190ddfa,906147a9,ea4ccc2c,4.0,11000.0,20.0,0.0
7ddf3798,7190ddfa,906147a9,ea4ccc2c,4.0,11000.0,20.0,0.0
93f96f17,7190ddfa,906147a9,ea4ccc2c,4.0,11000.0,20.0,0.0
67e70477,7190ddfa,906147a9,ea4ccc2c,4.0,11000.0,20.0,0.0
f6273757,7190ddfa,906147a9,ea4ccc2c,4.0,11000.0,20.0,0.0
a283eea6,7190ddfa,906147a9,ea4ccc2c,4.0,11000.0,20.0,0.0
0a27c7e4,7190ddfa,906147a9,ea4ccc2c,4.0,11000.0,20.0,0.0
5c1224d9,7190ddfa,906147a9,ea4ccc2c,4.0,11000.0,20.0,0.0
5c1d72cb,7190ddfa,906147a9,ea4ccc2c,4.0,11000.0,20.0,0.0
8a567385,756b77ce,a9366595,ed9508a2,8.0,15000.0,30.0,30.0
7704ab65,756b77ce,a9366595,ed9508a2,8.0,15000.0,30.0,30.0
0ae7264d,756b77ce,a9366595,ed9508a2,8.0,15000.0,30.0,30.0
6cc7210f,7190ddfa,906147a9,ea4ccc2c,4.0,11000.0,20.0,0.0
aa6c6f73,7190ddfa,906147a9,ea4ccc2c,4.0,11000.0,20.0,0.0
947198d3,39786247,64d79e90,78517212,4.0,11000.0,20.0,0.0
a83f54e2,7190ddfa,906147a9,ea4ccc2c,4.0,11000.0,20.0,0.0
fec6d74b,7190ddfa,906147a9,ea4ccc2c,4.0,11000.0,20.0,0.0
f9b94e56,7190ddfa,906147a9,ea4ccc2c,4.0,11000.0,20.0,0.0
55463d78,7190ddfa,906147a9,ea4ccc2c,4.0,11000.0,20.0,0.0
961e491e,7190ddfa,906147a9,ea4ccc2c,4.0,11000.0,20.0,0.0
9c94da3d,7190ddfa,906147a9,ea4ccc2c,4.0,11000.0,20.0,0.0
82d81c88,7190ddfa,906147a9,ea4ccc2c,4.0,11000.0,20.0,0.0
94a27c6c,7190ddfa,906147a9,ea4ccc2c,4.0,11000.0,20.0,0.0
ae689b60,7190ddfa,906147a9,ea4ccc2c,4.0,11000.0,20.0,0.0
5c5fea6d,7190ddfa,906147a9,ea4ccc2c,4.0,11000.0,20.0,0.0
c40458de,7190ddfa,906147a9,ea4ccc2c,4.0,11000.0,20.0,0.0
95ab7b28,7190ddfa,906147a9,ea4ccc2c,4.0,11000.0,20.0,0.0
7066a03d,7190ddfa,906147a9,ea4ccc2c,4.0,11000.0,20.0,0.0
de19dc02,7190ddfa,906147a9,ea4ccc2c,4.0,11000.0,20.0,0.0
5ef9b505,7190ddfa,906147a9,ea4ccc2c,4.0,11000.0,20.0,0.0
962d41d6,7190ddfa,906147a9,ea4ccc2c,4.0,11000.0,20.0,0.0
bf826235,7190ddfa,906147a9,ea4ccc2c,4.0,11000.0,20.0,0.0
7a8924d0,7190ddfa,906147a9,ea4ccc2c,4.0,11000.0,20.0,0.0
826dd109,7190ddfa,906147a9,ea4ccc2c,4.0,11000.0,20.0,0.0
27ba0c78,7190ddfa,906147a9,ea4ccc2c,4.0,11000.0,20.0,0.0
a90b80ff,7190ddfa,906147a9,ea4ccc2c,4.0,11000.0,20.0,0.0
a0ae2cbc,7f7c4759,43d3e415,37f08a62,128.0,370000.0,300.0,0.0
6ff2137e,7190ddfa,906147a9,ea4ccc2c,4.0,11000.0,20.0,0.0
9b360d03,7190ddfa,906147a9,ea4ccc2c,4.0,11000.0,20.0,0.0
eb4f4e78,0fb4c56f,43d3e415,8d324fd3,96.0,190000.0,30.0,350.0
76c60cd9,0fb4c56f,43d3e415,8d324fd3,96.0,190000.0,30.0,350.0
3c64c4b2,0fb4c56f,43d3e415,8d324fd3,96.0,190000.0,30.0,350.0
0551a1d2,0fb4c56f,43d3e415,8d324fd3,96.0,190000.0,30.0,350.0
ff91af36,0fb4c56f,43d3e415,8d324fd3,96.0,190000.0,30.0,350.0
4d2ba5e0,0fb4c56f,43d3e415,8d324fd3,96.0,190000.0,30.0,350.0
15dcde19,0fb4c56f,43d3e415,8d324fd3,96.0,190000.0,30.0,350.0
