node,vm_id,user_id,project_id,vcpus
0ad2c0c4,,,,
2dbc131e,,,,
2dbc131e,e5f9f66c,0fb4c56f,43d3e415,96.0
2dbc131e,18f4396d,0fb4c56f,43d3e415,96.0
2dbc131e,1ef57b80,0fb4c56f,43d3e415,96.0
2dbc131e,eb4f4e78,0fb4c56f,43d3e415,96.0
341872a6,,,,
341872a6,e9798179,0fb4c56f,43d3e415,96.0
341872a6,c937a86a,0fb4c56f,43d3e415,96.0
341872a6,21f280a0,0fb4c56f,43d3e415,96.0
341872a6,76c60cd9,0fb4c56f,43d3e415,96.0
341872a6,4d2ba5e0,0fb4c56f,43d3e415,96.0
41721e4b,,,,
5180b174,,,,
5180b174,35ec4c58,0fb4c56f,43d3e415,96.0
5180b174,ac8fa555,0fb4c56f,43d3e415,96.0
5180b174,328e8d5b,0fb4c56f,43d3e415,96.0
5180b174,28a47b8e,0fb4c56f,43d3e415,96.0
5333662e,,,,
5333662e,a291c2d3,0fb4c56f,43d3e415,96.0
5333662e,3fe110b1,0fb4c56f,43d3e415,96.0
5333662e,7ee232fa,0fb4c56f,43d3e415,96.0
5333662e,ff91af36,0fb4c56f,43d3e415,96.0
5ede733f,,,,
6fdf4d0d,,,,
6fdf4d0d,95c6a8d7,0fb4c56f,43d3e415,96.0
8674a4f2,,,,
8674a4f2,845db8a0,0fb4c56f,43d3e415,96.0
8674a4f2,0bbc3885,0fb4c56f,43d3e415,96.0
8674a4f2,ea53b4ab,0fb4c56f,43d3e415,96.0
8674a4f2,4934d04c,0fb4c56f,43d3e415,96.0
8ccd7b3c,,,,
8ccd7b3c,1fe5084f,0fb4c56f,43d3e415,96.0
8ccd7b3c,794a26b5,0fb4c56f,43d3e415,96.0
8ccd7b3c,a37a7d17,0fb4c56f,43d3e415,96.0
8d5a6c7e,,,,
8d5a6c7e,35e4cb0c,0fb4c56f,43d3e415,96.0
a2ffa1e3,,,,
b9c737a2,,,,
b9c737a2,2d47d86f,0fb4c56f,43d3e415,96.0
b9c737a2,081a6c62,0fb4c56f,43d3e415,96.0
b9c737a2,2b99a813,0fb4c56f,43d3e415,96.0
b9c737a2,d961c268,0fb4c56f,43d3e415,96.0
b9c737a2,0551a1d2,0fb4c56f,43d3e415,96.0
b9c737a2,15dcde19,0fb4c56f,43d3e415,96.0
bce59923,,,,
bce59923,6f951cdb,0fb4c56f,43d3e415,96.0
bce59923,d050c9b7,0fb4c56f,43d3e415,96.0
bce59923,d5989b22,0fb4c56f,43d3e415,96.0
bce59923,72e26bab,0fb4c56f,43d3e415,96.0
bd55f82d,,,,
c658b44f,,,,
c658b44f,3e3fac58,0fb4c56f,43d3e415,96.0
c658b44f,8feab296,0fb4c56f,43d3e415,96.0
c658b44f,9e780cb9,0fb4c56f,43d3e415,96.0
e5886d85,,,,
e5886d85,82db7e12,0fb4c56f,43d3e415,96.0
e5886d85,7aa46d75,0fb4c56f,43d3e415,96.0
e5886d85,371cbbd3,0fb4c56f,43d3e415,96.0
e5886d85,3c64c4b2,0fb4c56f,43d3e415,96.0
eb5d8f42,,,,
f006f6ea,,,,
f006f6ea,bbb8412f,0fb4c56f,43d3e415,96.0
f006f6ea,b1c62453,0fb4c56f,43d3e415,96.0
f006f6ea,57cd0efc,0fb4c56f,43d3e415,96.0
f301a5e3,,,,
